<?xml version="1.0" encoding="UTF-8"?>
<actions>
    <action>
        <actionName>CUSTOM-install</actionName>
        <displayName>install</displayName>
        <goals>
            <goal>clean</goal>
            <goal>install</goal>
        </goals>
        <properties>
            <skipTests>true</skipTests>
        </properties>
    </action>
    <action>
        <actionName>CUSTOM-android:run</actionName>
        <displayName>run</displayName>
        <goals>
            <goal>android:deploy</goal>
            <goal>android:run</goal>
        </goals>
        <properties>
            <skipTests>true</skipTests>
        </properties>
    </action>
    <action>
        <actionName>CUSTOM-install+run</actionName>
        <displayName>install+run</displayName>
        <goals>
            <goal>clean</goal>
            <goal>install</goal>
            <goal>android:deploy</goal>
            <goal>android:run</goal>
        </goals>
        <properties>
            <skipTests>true</skipTests>
        </properties>
    </action>
</actions>
