@id,@lon,@lat,name,addr:street,addr:city,addr:country
350258,-6.3241865,54.2184922,Sheephill,,,
351437,-6.0245976,54.5086153,Saintfield Road,,,
351458,-6.0058876,54.5220383,Lisburn Services,,,
354306,-8.4951868,51.8945770,Gaol Cross,,,
354357,-8.5053645,51.8928775,Victoria Cross,,,
354512,-8.5066960,51.8889623,Dennehys Cross,,,
356509,-8.4576200,51.9046075,Saint Luke's Cross,,,
383698,-7.1311243,53.1498661,Lea Cross Roads,,,
385746,-6.3777514,53.3897920,Blanchardstown,,,
385847,-6.2777446,53.4086591,Ballymun,,,
385851,-6.2385597,53.4103558,M1 Turnapin,,,
385909,-6.2200839,53.4227385,Dublin Airport,,,
386391,-6.2080622,53.4396969,Swords,,,
386509,-6.3856531,53.3507345,N4 Palmerstown,,,
386529,-6.3729656,53.3239969,N7 Red Cow,,,
386559,-6.4279758,53.2944354,Citywest,,,
386567,-6.4517713,53.2871639,Rathcoole,,,
386696,-6.6258707,53.2361997,Naas (North),,,
386751,-6.7449242,53.1753178,M7/M9,,,
388707,-6.3336480,53.2957001,N81 Tallaght,,,
389054,-6.3250461,53.2807207,Firhouse,,,
389676,-6.2648597,53.3325969,Kelly's Corner,,,
430671,-8.4597485,51.8740338,Kinsale Road,,,
430678,-8.4457416,51.8755277,South Douglas Road,,,
430682,-8.4279913,51.8803156,Bloomfield,,,
430686,-8.4408850,51.8773274,Douglas Road,,,
430689,-8.4033680,51.8830778,Mahon,,,
498942,-6.7184231,53.0875802,Gormanstown Cross Roads,,,
594498,-6.3588438,54.1121643,Border NI/ROI,,,
594673,-6.3941983,54.0360583,Ballymascanlan Interchange,,,
595414,-6.2030211,53.4726730,Donabate,,,
595436,-6.2064718,53.4821527,Donabate,,,
595613,-6.2155992,53.5563631,Balbriggan (South),,,
595640,-6.2154642,53.5927773,Balbriggan,,,
595729,-6.2501836,53.6309845,Julianstown,,,
595741,-6.2600540,53.6425880,Julianstown,,,
596481,-6.3896170,53.7060047,Drogheda,,,
596519,-6.3969708,53.7339777,Drogheda (North),,,
596730,-6.4243117,53.9745392,Dundalk (South),,,
596835,-6.4185718,53.9056743,Castlebellingham,,,
596880,-6.4259250,53.8520655,Ardee/N2,,,
596901,-6.4065598,53.8256843,Dunleer,,,
597308,-6.4030628,53.7795478,Monasterboice,,,
658595,-6.2195078,53.3353113,#389 Sandymount Rd, Leahy's Terrace,,,
659048,-6.1168281,53.3888368,Dublin Road,,,
659119,-6.0651296,53.3883071,Harbour Road,,,
659687,-6.2726879,53.3607926,Doyle's Corner,,,
659715,-6.2716513,53.3656405,Hart's Corner,,,
661291,-6.1160842,53.3920249,Sutton,,,
661333,-6.1791537,53.3623425,Clontarf Road, Dollymount Park,,,
661448,-6.2049888,53.3727894,Killester,,,
661493,-6.1964865,53.3591373,Clontarf Road, Vernon Avenue,,,
661999,-6.1231165,53.2812258,Glenageary,,,
662088,-6.1952305,53.3099803,Booterstown,,,
665844,-6.2534261,53.3164812,Cowper,,,
665920,-7.1699738,53.0904128,Ballybrittas,,,
666361,-6.2484524,53.3225811,Sandford Road, Marlborough Road,,,
666663,-6.2517091,53.3099147,Milltown,,,
670957,-6.2791384,53.3185771,Kenilworth Cross,,,
671024,-6.2835100,53.3098572,Terenure Cross,,,
1448444,-6.2752072,53.3322379,Leonard's Corner,,,
2036404,-8.4818744,51.8753508,Kinsale Road,,,
2962959,-6.6494441,53.5212791,Batterjohn,,,
3314280,-8.6908758,52.4274303,O'Rourke's Cross,,,
3314421,-8.6389123,52.6260213,Dooradoyle,,,
4129315,-8.4467774,51.9170805,Ballyvolane Cross,,,
4221994,-6.4706383,53.3582821,Leixlip,,,
4222021,-6.4443927,53.3507702,Newcastle,,,
4222052,-6.4649090,53.3569161,Dodsboro,,,
4222105,-6.5058634,53.3706310,Leixlip Louisa Bridge,,,
4222235,-6.3790435,53.3450974,Ballyfermot Road / Kennelsfort Road jct,,,
4238253,-6.3530881,53.2751715,Old Bawn Cross,,,
4838145,-8.8336115,52.7041962,Bunratty,,,
4937263,-8.8676238,52.7243770,Shannon,,,
4940690,-8.5633159,52.6705935,Plassey Park Road,,,
5044791,-6.3933459,53.3832035,Coolmine Cross,,,
7723239,-8.5390366,51.8722610,Curraheen,,,
7723355,-8.5661190,51.8757005,Ballincollig (East),,,
7840295,-8.3924383,51.8859517,Mahon,,,
7840608,-8.4139298,51.8811639,Bloomfield,,,
7891636,-8.5859771,51.9310023,Pauds Cross,,,
7963947,-8.5232877,51.9030105,Clogheen Cross Roads,,,
8391152,-8.3446486,52.0041220,Watergrasshill Interchange,,,
8560651,-8.3915703,51.9487134,Killydonoghoe Interchange,,,
8561616,-8.3952269,51.9280317,Riverstown Cross,,,
8563682,-8.4328014,51.9124385,Mayfield,,,
9100955,-6.2541805,53.3333928,#846 Leeson Street, Fitzwilliam Place,,,
10345506,-8.5581894,51.8921287,Church Cross,,,
10381106,-8.5396573,51.8724549,Curraheen,,,
11675220,-6.2888120,53.3572173,Hanlon's Corner,,,
11680066,-6.3868528,53.3946633,Clonsilla,,,
11680269,-6.3987332,53.4012252,Clonsilla,,,
11681001,-6.3766146,53.4015556,Blanchardstown Rd, Institute of Technology,,,
11740008,-6.3782367,53.3930079,Snugborough Road, Waterville Row,,,
11740595,-6.4422381,53.3979513,Littlepace Distributor Road,,,
11853186,-6.4222613,53.3794950,Luttrellstown Cross,,,
12114972,-6.3538162,53.3885465,N3/Blanchardstown,,,
12115813,-6.3022856,53.4066544,N2 Finglas,,,
12119050,-6.3262529,53.4232709,Kilshane Cross,,,
12119391,-6.1769694,53.4023521,Temple View Vale Road, Temple View Rise,,,
12240582,-6.4134298,53.4060962,Mulhuddart,,,
12244654,-6.4177977,53.3833507,applegreen,,,
12247442,-6.3922664,53.3775532,Coolmine Level Crossing,,,
12280633,-6.1635175,53.3951874,Grange Road,,,
12280638,-6.1667167,53.3936425,Grange Road,,,
12282052,-6.3188924,53.4017053,N2 Finglas,,,
12292887,-6.4187080,53.4067306,Clonee,,,
12359618,-6.4876763,53.6228392,Balrath Cross Roads,,,
12428354,-6.2688273,53.3699755,#202 Botanic Rd, Fairfield Road,,,
12428359,-6.2659192,53.3725199,Mobhi Road, Dean Swift Bridge,,,
12431423,-6.4227906,53.3828567,Clonsilla Level Crossing,,,
12524579,-6.3361399,53.4284782,St. Margaret's,,,
12524619,-6.3531777,53.4379273,St. Margaret's,,,
12524696,-6.3776462,53.4838859,Ashbourne (South),,,
12524747,-6.3960072,53.4904068,Ashbourne (South),,,
12525712,-6.7613000,53.5530052,Topaz,,,
12526422,-6.4445751,53.3590122,Chapel Hill,,,
12528273,-6.3975465,53.3556768,Liffey Valley,,,
12531941,-6.5003126,53.3027594,Newcastle,,,
12641070,-7.3328370,53.0196330,Portlaoise (West),,,
12641544,-7.1772267,53.0866154,Ballybrittas,,,
12641557,-7.1934688,53.0914725,Dillow Bush Cross,,,
12645920,-6.2104100,53.2697118,Dundrum,,,
12646992,-6.1820491,53.2557464,Carrickmines,,,
12647002,-6.1721990,53.2517911,Carrickmines,,,
12647038,-6.1475126,53.2395103,Cherrywood,,,
12647139,-6.1305831,53.2286567,M50/M11,,,
12647144,-6.1308587,53.2295851,M11,,,
12647172,-6.1327322,53.1980858,Bray (Central),,,
12650935,-7.0252093,53.1429940,Monasterevin,,,
12652484,-6.7915457,53.4153767,Cloncurry Cross Roads,,,
12652664,-6.9614676,53.3519392,Newbury Cross Roads,,,
12658839,-6.6354025,53.0370991,Merginstown Cross Roads,,,
12659078,-6.7190409,52.8463461,Judy Lee's Cross Roads,,,
12659098,-6.7275847,52.8214695,Coppenagh Cross Roads,,,
12659319,-6.6195944,53.2389069,Johnstown,,,
12784905,-6.5249883,53.3589372,Celbridge,,,
12784921,-6.5832067,53.3664728,Maynooth,,,
12784958,-6.6961745,53.4049133,Kilcock,,,
12785030,-6.8391583,53.4067071,Enfield,,,
12785041,-6.8547949,53.4118732,Enfield,,,
12785056,-6.8841378,53.4117307,Enfield Services,,,
12789871,-7.0989328,53.4494100,M4/M6,,,
12867422,-6.3327457,53.3753691,Ashtown Level Crossing,,,
13128599,-6.3112032,53.3735101,Ashington Park, Ashington Gardens,,,
14092055,-8.6119953,51.8761968,Ballincollig,,,
14092075,-8.6118165,51.8764006,Ballincollig,,,
14146546,-8.6216606,51.8782303,Ballincollig,,,
14146547,-8.6216972,51.8780298,Ballincollig,,,
14146571,-8.6318589,51.8786951,Ballincollig (West),,,
14146572,-8.6313689,51.8785470,Ballincollig (West),,,
14146659,-8.4604422,51.8739238,Kinsale Road,,,
14146671,-8.4455281,51.8754244,South Douglas Road,,,
14152026,-8.4985980,51.8760158,Sarsfield Road,,,
14190457,-6.5485731,53.3169590,Dangan Corner,,,
15852406,-6.5521628,53.2580236,Castlewarden,,,
18896324,-6.3152262,53.4120350,Coldwinters,,,
18896326,-6.3290173,53.4268472,Topaz,,,
19035896,-6.0823860,54.4898267,Blaris,,,
19052242,-6.4308444,53.2931560,Citywest,,,
19053715,-6.4343022,53.3684550,Annaliffey / Factory Weir,,,
19080336,-6.2310304,53.5972736,Delahassey Crossroads,,,
19223268,-6.1391934,53.3967157,Grange Road,,,
19223931,-6.2507018,53.3015910,Windy Arbour,,,
21043621,-5.0367916,54.9850171,Loch Ryan Port,,,
21522430,-8.8990112,52.1288167,Banteer,,,
21522841,-9.0704257,52.0774058,Millstreet,,,
21526094,-7.1831487,53.1458590,Portarlington Junction,,,
21540238,-6.6646410,53.2469372,Sallins and Naas,,Sallins,
21568042,-6.3781255,53.3563652,M50,,,
21637737,-6.2187245,54.4890981,Moira,,,
21638087,-6.2023251,54.4837030,Moira,,,
24905097,-7.5774441,54.3589668,Garvary,,,
25473051,-6.4398374,53.3836628,Barberstown Level Crossing,,,
25504093,-6.2117972,53.5706001,Balbriggan (South),,,
25504112,-6.2266627,53.6032841,Balbriggan,,,
25757771,-6.3561995,53.3424192,Grange Cross,,,
25974180,-6.4540169,53.3520038,Newcastle,,,
26191224,-6.2475985,53.3526804,Connolly Station,,,
26374688,-6.3637930,53.3134932,N7 Red Cow,,,
26447982,-6.4795221,53.3583596,Leixlip,,,
26636056,-6.4124771,53.3044408,Kingswood,,,
26749021,-6.2301376,53.4062861,M1 Turnapin,,,
26759862,-6.2245117,53.3527704,Dublin Port,,,
26759873,-6.2272021,53.3561409,Dublin Port,,,
26914124,-6.2926380,53.3461202,Heuston Station,,,
26915748,-6.3833834,53.3590510,N4 Palmerstown,,,
26917553,-6.1359360,53.1937519,Bray (Central),,,
26934550,-6.5401215,53.3607023,Celbridge,,,
26935150,-6.4908696,53.3599862,The Salmon Leap,,,
26940176,-6.4233856,53.2994095,Kingswood,,,
27435878,-6.1294164,53.2412528,Loughlinstown Roundabout,,,
27465846,-6.3701100,53.3970539,Aquazone at National Aquatic Centre,,,
27474191,-6.3911600,53.3907258,Blanchardstown Library,Blanchardstown Centre,,
27474239,-6.3918252,53.3909593,Draíocht,,,
28109707,-6.3603575,54.1127250,Border NI/ROI,,,
28222039,-4.5335304,48.3579494,Pointe du Portzic,,,
28223511,-4.4182458,48.3243730,Pointe de Doubidy,,,
28224594,-4.2658265,48.3230614,Beg Kervella,,,
28482578,-9.7816597,51.6471394,Lonehort Point,,,
28487040,-8.9519265,51.5292644,Galley Head,,,
28495678,-9.5281161,51.4271703,The Bill of Cape Clear,,,
28497936,-10.1600569,51.5806696,Crow Head,,,
28533452,-8.5347004,51.6040258,The Old Head of Kinsale,,,
28594050,-7.3995323,55.3747815,Malin Head,,,
28603418,-8.2850695,55.1585183,Bloody Foreland,,,
28625594,-8.7964012,54.7053461,Rossan Point,,,
28650675,-9.0540200,54.2941400,Lenadoon Point,,,
28650950,-8.9311698,54.2930566,Cooanmore Point,,,
28652693,-8.6114723,54.2842481,Killaspug Point,,,
28654485,-8.7553770,54.2787442,Aughris Head,,,
28751423,-9.9381113,52.5595239,Loop Head,,,
28756068,-10.0162697,52.3167007,Rough Point,,,
28759224,-10.3369337,52.1213349,Ballymore Point,,,
28764529,-10.2774204,51.9286750,Reenard Point,,,
28770776,-9.7428360,51.8485608,Lackeen Point,,,
28771418,-8.3373861,51.8731701,Waterville Place,,,
28798536,-6.8298655,53.4143540,Topaz,,,
28834630,-7.1137682,53.4498019,Kinnegad (West),,,
28834677,-7.2767159,53.4081814,Rochfortbridge,,,
28834696,-7.3550056,53.3904906,Tyrrellspass,,,
28834845,-7.1321380,53.4487791,Kinnegad (West),,,
28842945,-6.2586446,54.8807540,Broughshane Road,,,
28842963,-6.2502141,54.8569387,Larne Road,,,
28846664,-6.1924926,54.7403868,Crosskennan,,,
28846730,-6.1799756,54.7331315,Crosskennan,,,
28846860,-6.1470207,54.7219565,Rathbeg,,,
28847146,-6.0572923,54.7057662,Templepatrick Interchange,,,
28847405,-5.9863185,54.6842957,Sandyknowes Junction,,,
28847460,-5.9731853,54.6721908,Sandyknowes Junction,,,
28851055,-6.3069853,53.3994701,Topaz,,,
29028795,-6.3276864,53.7078681,Black Bull,,,
29533733,-4.9530572,51.6982804,Pembroke Dock,,,
30484131,-6.3731282,54.0407731,Ballymascanlan Interchange,,,
30486871,-6.0988568,52.8826664,Jack White’s Cross Roads,,,
30526022,-6.0972952,52.9719282,Wicklow (Central),,,
30580101,-6.0950495,52.9951931,Wicklow (North),,,
30580337,-6.0890806,53.0368026,Coynes Cross,,,
30587510,-6.0915403,53.0484251,Coynes Cross,,,
30587557,-6.0922876,53.0062500,Wicklow (North),,,
30589459,-6.1363734,53.1699610,Kilmacanogue,,,
30589479,-6.1240969,53.1453749,Glen of the Downs,,,
30591274,-6.1059603,53.0975650,Newtownmountkennedy,,,
30591284,-6.1046713,53.1126586,Greystones (Kilpedder),,,
30591330,-6.1073199,53.1038349,Newtownmountkennedy,,,
30847195,-6.2879669,53.2816693,Taylors Lane,,,
31078662,-6.3401152,52.2497333,Rosslare Harbour,,,
31086076,-8.0952772,53.9441461,Carrick-on-Shannon,,,
31093508,-6.2267426,53.3418641,Bridge Street, St. Patrick's Villas,,,
31094447,-6.2337675,53.3670950,Marino Park,,,
31094895,-6.2368261,53.3580154,East Wall Junction,,,
31122834,-6.1500903,52.8196883,Arklow (North),,,
31241248,-7.9954124,53.6753208,Ballyleague,,,
31524926,-6.2787216,52.6619375,Gorey,,,
31528885,-6.2683790,52.6649140,Gorey,,,
31637649,-6.6067030,53.0912051,Hollywood Cross Roads,,,
31825867,-6.2325017,52.8849676,Meeting of the Waters,,,
31901567,-6.2182013,53.2778290,#4848 Blackthorn Drive, Blackthorn Road,,,
31901640,-6.2057489,53.2884983,Indian Summer,Kilmacud Road Lower,,
31903441,-6.3273703,53.0105574,Glendalough,,,
31933794,-6.1837938,53.3028005,#469 Rock Road, Mount Merrion Avenue,,,
31936601,-6.2162170,53.3768452,Malahide Road, Maypark,,,
31941116,-5.9510908,54.5920652,Mulhouse Road,,,
31941254,-5.9458352,54.5920359,Grosnevor Road,,,
31941383,-5.9411975,54.5973756,Divis Street,,,
31941899,-5.9288218,54.6073925,York Street,,,
32173007,-7.1724500,53.4954077,Lock 25,,,
32173009,-7.1678596,53.4953331,Lock 24,,,
32173012,-7.1618222,53.4944097,Lock 23,,,
32173026,-7.1427211,53.4950734,Lock 20,,,
32175626,-6.7130090,53.4203852,Lock 17,,,
32335098,-6.2260424,53.3276117,#417 Merrion Road, Serpentine Avenue,,,
32434982,-6.1798705,53.3754097,All Saints Road,,,
32532752,-6.2049790,53.3163741,Merrion Gates,,,
32554376,-7.9651222,53.5773619,Culnagore Point,,,
32558885,-6.4055498,53.3794601,Porterstown Level Crossing,,,
32653970,-7.4931484,53.2737410,Tullamore,,,
32655371,-7.8898894,53.1176421,Kennedy's Cross Roads,,,
32655397,-7.8832521,53.1579171,Galros Cross Roads,,,
32656220,-8.4399439,52.7659641,Birdhill,,,
32656295,-8.2373756,52.8447137,Nenagh (West),,,
32691484,-8.2064193,52.2934451,Kilbeheny,,,
32691488,-8.2023270,52.2960667,Kilbeheny,,,
32854902,-7.8354892,53.2622147,Gallen Cross Roads,,,
32854990,-7.8479737,53.3497915,Ballinahown,,,
32854991,-7.8490283,53.3504097,Ballynahown,,,
33581574,-7.4842423,53.3583881,Tullamore,,,
33581741,-7.8969377,53.4256019,Garrycastle,,,
33581748,-7.9192704,53.4293033,Ballymahon,,,
33581754,-7.9335778,53.4337041,Athlone (Centre),,,
33581782,-7.9634126,53.4279923,Roscommon,,,
33581839,-7.9843387,53.4183721,Athlone (East),,,
33581849,-7.9693953,53.4260489,Roscommon,,,
33581869,-7.9294528,53.4328233,Ballymahon,,,
33581875,-7.9090446,53.4269763,Garrycastle,,,
33581889,-7.8909701,53.4193374,Athlone (East),,,
33582868,-7.3437669,52.9607081,Colt Cross,,,
33583141,-6.6353726,53.4585460,Mullagh Cross Roads,,,
33583149,-6.8346748,53.4149336,Applegreen,,,
33583151,-7.0849669,53.4476717,Kinnegad (East),,,
33583163,-7.5814989,53.3926367,Horseleap,,,
33709660,-6.3601072,54.0928125,Jonesborough,,,
33709823,-6.3648197,54.1138458,Border NI/ROI,,,
34403459,-6.5073618,53.2986794,Newcastle,,,
34590900,-6.3650748,54.1138544,Border NI/ROI,,,
34590910,-6.3644023,54.1033543,Jonesborough,,,
34590914,-6.3512013,54.0721719,Ravensdale,,,
34678991,-6.2081031,53.1485985,Powerscourt Waterfall,,,
34678992,-6.2113858,53.1460415,Powerscourt Waterfall,,,
34822046,-6.1354806,53.1816688,Bray (South),,,
36315193,-7.9661248,52.9774477,Dunne's Cross Roads,,,
36679014,-9.3595008,52.5870543,Tarbert Ferry Port,,,
36681797,-8.1366424,52.8943981,Kilruane,,,
36683447,-6.0184748,54.5416309,Derriaghy,,Belfast,
36683455,-6.0030136,54.5532922,Dunmurry,Upper Dunmurry Lane,Belfast,
38898168,-7.8822446,52.5023729,Cashel (South),,,
38898590,-7.8649479,52.5138836,Cashel (Centre),,,
38931999,-8.3865298,51.9596078,Killydonoghoe Interchange,,,
38932271,-8.2738940,52.1109285,Fermoy (South),,,
38932438,-8.2713370,52.1183472,Fermoy (South),,,
38932481,-8.3351233,52.0179976,Watergrasshill Interchange,,,
38934733,-8.3077643,52.0503131,Rathcormac,,,
38980642,-6.2360676,53.3051185,#861 Roebuck Road, Bird Avenue,,,
39011260,-6.9484279,52.3853621,New Ross,,,
39014632,-7.1685337,52.3724138,Mullinavat,,,
39014765,-7.1715536,52.3724864,Mullinavat,,,
39014825,-7.1719983,52.3749067,Mullinavat,,,
39016437,-7.2004472,52.4614303,Ballyhale,,,
39016493,-7.2006977,52.4638211,Ballyhale,,,
39016756,-7.2040763,52.4726304,Ballyhale,,,
39016796,-7.2056008,52.4741210,Ballyhale Junction,,,
39017228,-7.2198920,52.4877153,Knocktopher,,,
39018116,-7.2226560,52.5337723,Stonyford,,,
39018278,-7.2286564,52.5379758,Stonyford,,,
39018295,-7.2282981,52.5384712,Stonyford,,,
39019194,-7.2388550,52.5829043,Danesfort Cross Roads,,,
39019231,-7.2402717,52.5858000,Danesfort,,,
39955717,-8.2658043,52.1581623,Fermoy (North),,,
40153194,-7.5836482,52.3616260,Kilsheelan,,,
40153362,-7.5719723,52.3617978,Kilsheelan,,,
40154589,-7.4274703,52.3489360,Carrick-on-Suir,,,
40155372,-7.3845059,52.3522309,Carrick-on-Suir,,,
40157193,-7.2641498,52.2975779,Mooncoin,,,
40157608,-7.2440152,52.2905938,Mooncoin,,,
40195595,-7.1729644,52.3635858,Mullinavat,,,
40197446,-7.1400863,52.5207084,Thomastown,,,
40199433,-7.0976256,52.5857286,Dungarvan,,,
40199517,-7.0962554,52.5885570,Dungarvan,,,
40201482,-7.0230746,52.6766797,Paulstown,,,
40201491,-7.0225723,52.6772677,Paulstown,,,
40201609,-7.0211236,52.6823935,Paulstown Junction,,,
40201653,-7.0178792,52.6828846,Paulstown,,,
40240107,-6.9400832,52.8244221,Carlow,,,
40242936,-6.8373432,52.9155185,Pike Crossroads,,,
40244775,-6.7654696,53.0793007,Kilgowan Cross Roads,,,
40244852,-6.7631652,53.0953783,Halverstown Cross Roads,,,
40244974,-6.7543512,53.1181581,Kilcullen,,,
42312221,-6.9535981,52.3932794,New Ross,,,
42508058,-7.5567755,52.1153703,The Pike,,,
42508254,-7.5179069,52.1691337,Lemybrien,,,
42508609,-7.3427110,52.2255235,Caroll's Cross Roads,,,
42508895,-7.2277820,52.2284265,Kilmeadan,,,
43296286,-6.2179293,53.2888306,#3023 Kilmacud Rd, Mount Anville School,,,
47192240,-6.1503721,53.2621337,Cabinteely Cross - N11,,,
48911846,-8.1542983,52.4714226,Tipperary,,,
48911958,-8.2016740,52.4957475,Limerick Junction,,,
48912064,-8.2205203,52.5087396,Monard,,,
48912092,-8.2266878,52.5123464,Monard,,,
49272095,-6.4627075,54.0707896,Border NI/ROI,,,
49272762,-7.3373042,54.1166265,Border NI/ROI,,,
49305598,-6.2368608,53.3055697,Clonskeagh,,,
49487001,-6.0645964,54.4933562,Blaris,,,
49533833,-5.9238345,54.6503588,Greencastle,,,
49542877,-5.9212352,54.6030649,York Street Interchange,,,
49543036,-5.9311762,54.6075380,Clifton Street,,,
49543115,-5.9382656,54.6028084,Divis Street,,,
49543387,-5.9547517,54.5910505,Broadway,,,
50756794,-5.9710486,54.6923522,Corr's Corner,,,
51452792,-6.2366886,53.2860688,Balally,,,
51452839,-6.2101538,53.2793978,Stillorgan,,,
51452916,-6.2626171,53.3333651,Harcourt,,,
51452944,-6.2613147,53.3390566,St. Stephen's Green,,,
51995744,-6.1971705,53.2582951,Ballyogan,,,
52218167,-8.3261110,51.9811110,Shanballyreagh,,,
52218173,-9.6879656,51.6076765,Gortnakilly,,,
52218190,-6.5572291,52.9902632,Seskin,,,
52218195,-7.9755560,53.3966670,Carrickynaghtan,,,
52218198,-9.2207207,53.6227775,Ballinrobe,,,
52218204,-8.7386110,52.3383330,Killare,,,
52218206,-6.9202780,53.8755560,The Hollow,,,
52218208,-8.5561110,52.2080560,Promore,,,
52218209,-7.4166651,54.9666650,Kildrum,,,
52218213,-9.4900000,52.5250000,Shrone,,,
52218223,-9.8783330,53.3161110,Ard,,,
52218226,-8.4450070,51.8772254,Tramore,,,
52218229,-6.6380560,53.9725000,Essexford,,,
52218233,-9.9372220,51.9872220,Neesha,,,
52218244,-6.2119101,52.8924644,Connary Upper,,,
52218247,-7.5094440,53.3986110,Toortisnamore,,,
52218253,-8.4533330,51.9277780,Lahardane,,,
52218256,-8.3833330,53.9000000,Breedoge,,,
52218258,-9.7998913,51.4675229,Caher,,,
52218262,-6.4995248,52.9139141,Mullan Cross Roads,,,
52218263,-8.7502780,53.9588890,Cloonmeen West,,,
52218264,-9.2941670,52.9847220,Kilshanny,,,
52218265,-9.8644109,52.2766382,Fenit,,,
52218266,-6.3486621,53.6454553,Bellewstown,,,
52218267,-9.9336110,54.1725000,Srah,,,
52218269,-8.6253546,52.0779760,Jordan’s Bridge,,,
52218270,-6.5402780,53.9361110,Mullacrew,,,
52218271,-9.6491745,53.0996703,Iaráirne,,,
52218272,-6.9929735,53.2203302,Rathangan,,,
52218273,-8.2541670,54.8183330,Meenadeeny,,,
52218274,-8.6994434,54.7475984,Port,,,
52218275,-6.8084763,52.3027794,Tiannarath Cross Roads,,,
52218276,-8.4365125,54.8232881,Kilclooney,,,
52218278,-9.4897249,52.3972499,Pike Cross Roads,,,
52218279,-9.3461110,54.1633330,Belville,,,
52218280,-7.7329147,54.8686057,Aughagault Little,,,
52218281,-7.3999831,52.1724382,Ballylaneen,,,
52218283,-7.9744012,52.1811956,Feagarrid,,,
52218284,-6.9811110,52.9438890,Kilmorony,,,
52218285,-9.2036110,54.1916670,Tawnaghmore,,,
52218286,-8.3597378,54.9506729,An Clochán Liath,,,
52218287,-6.9593554,54.3407498,Emyvale,,,
52218288,-6.9752780,54.1211110,Lisgillan,,,
52218291,-8.7883330,53.9450000,Bracklagh,,,
52218292,-8.8844440,53.9855560,Cloonfinish,,,
52218293,-8.6333330,54.6333330,Rosborough,,,
52218295,-9.7427281,54.1444001,Bangor,,,
52218297,-7.0525723,52.4317914,Tullagher,,,
52218298,-9.6354075,53.7790044,Murrisk,,,
52218300,-9.1041670,53.9322220,Aghaward,,,
52218301,-6.9155741,52.3299736,Aughclare,,,
52218302,-7.2552780,53.9455560,Cargagh,,,
52218303,-8.3107336,53.2100537,Eskerboy,,,
52218304,-8.0963890,55.0838890,Cashelnagor,,,
52218305,-8.9352744,51.6530170,Letter,,,
52218307,-8.2272976,55.2649716,An Baile Thiar,,,
52218308,-8.7383330,52.9161110,Uggoon,,,
52218309,-6.1540035,52.7982210,Arklow,,,
52218310,-7.8928826,53.0792290,Crinkill,,,
52218311,-8.7883330,51.7927780,Old Port House,,,
52218312,-9.9872173,54.2241100,Béal an Mhuirthead,,,
52218313,-9.2794484,52.1833357,Knocknaboul Cross,,,
52218314,-7.1817029,52.9231434,Knocklead,,,
52218315,-8.3144440,54.4269440,Park,,,
52218316,-10.0681327,51.8606441,Oughtiv,,,
52218319,-8.4313890,54.9911110,Edernishfree,,,
52218332,-6.4067815,52.7979128,Coolalug Bridge,,,
52218335,-7.4194440,52.9847220,Trumra,,,
52218337,-9.4784553,52.7368313,Coolnacreehaun Bridge,,,
52218341,-9.9688890,53.8113890,Maum,,,
52218343,-6.2416670,53.5722220,Balrickard,,,
52218346,-7.4269440,53.4113890,Clonyhague,,,
52218350,-9.1008330,52.2341670,Inchantatane,,,
52218358,-7.1916289,55.1520654,Glencaw,,,
52218365,-7.2649983,54.1151798,Lislea,,,
52218368,-8.1700962,51.9142741,Midleton,,,
52218944,-10.4572220,52.1552780,Clogher,,,
52218951,-6.3092697,53.8183024,Milltown,,,
52218957,-7.9769181,51.9858476,Inch,,,
52218962,-9.8611110,51.9758330,Boheeskil,,,
52218969,-7.0213890,52.1997220,Rossduff,,,
52218977,-9.7469440,52.0588890,Shannera Lower,,,
52218980,-7.3387063,53.7330778,Rockland,,,
52218981,-6.8627891,52.2804308,Burkestown Cross Roads,,,
52218982,-9.0630561,52.4944440,Ardagh,,,
52218985,-8.3962666,52.1439848,Ballyhooly,,,
52218991,-6.9608571,52.3477510,Oldcourt,,,
52218993,-6.4952889,52.5897916,Ferns,,,
52218994,-7.7777780,54.8513890,Cloghroe,,,
52218997,-7.9171086,52.9455658,Ryan’s Cross Roads,,,
52218998,-8.2765168,52.9243713,Dromineer,,,
52218999,-7.6376345,52.9988939,Ballinrally,,,
52219000,-9.5874123,53.2408659,Pointe,,,
52219001,-6.4541965,53.2360108,Brittas,,,
52219003,-6.6861147,53.2911753,Clane,,,
52219005,-9.1680560,52.1969440,Rascalstreet,,,
52219006,-7.7075414,54.9721072,Lubber,,,
52219007,-7.3105560,55.2927780,Figart Upper,,,
52219009,-8.8788366,52.7104544,Shannon,,,
52219010,-7.1499661,53.0160548,Stradbally,,,
52219012,-9.7867881,52.1061973,Killorglin,,,
52219013,-7.2852780,55.3363890,Urbalreagh,,,
52219015,-9.3938890,52.1202780,Inchicorrigane,,,
52219016,-9.2967956,51.9883463,Cloonkeen,,,
52219019,-7.1671207,53.7500237,Millbrook,,,
52219022,-8.9813018,51.6077299,Ballynavar Bridge,,,
52219029,-9.4500000,52.0500000,Woodford,,,
52219033,-7.2567099,55.1956944,Whitefield,,,
52219040,-8.3500000,53.5333330,Kilmore,,,
52219047,-9.6602780,52.1583330,Rusheen,,,
52219054,-8.6638890,54.7194440,Meenadreen,,,
52219059,-7.6308330,54.7855560,Drummurphy,,,
52219063,-9.6535275,51.5227002,Toormore,,,
52219071,-9.0688520,53.3866665,Eanach Dhúin,,,
52219074,-7.7000000,52.1500000,Ballykerin,,,
52219078,-8.4811110,54.3791670,Ardnaglass Upper,,,
52219088,-8.0920536,53.0839334,Lake Village,,,
52219092,-8.1211110,53.4080560,Corraree,,,
52219095,-7.5980560,55.0519440,Aughnish Isle,,,
52219103,-6.9715705,53.9762771,Corravilla,,,
52219111,-9.6652780,51.8816670,Rossacoosane,,,
52219114,-7.9908330,54.3375000,Corractoona,,,
52219117,-9.6972799,52.0800679,Gortnaskarry Bridge,,,
52219120,-6.1477737,53.0111689,Ballardbeg,,,
52219122,-6.6445469,53.1405591,Stonebrook,,,
52219127,-7.9022462,54.5594946,Glenmore Bridge,,,
52219130,-7.5950000,52.0138890,Baile Uí Churraoin Theas,,,
52219134,-6.9422237,54.2883122,Mullaloughan,,,
52219137,-8.9102780,51.9625000,Lacknahaghny,,,
52219140,-8.3302780,54.1191670,Drumdoney,,,
52219141,-9.4644440,52.5586110,Saleen,,,
52219148,-8.8569353,52.3411345,Milford,,,
52219151,-7.8504825,53.2224031,Hill House,,,
52219154,-8.0050000,54.1569440,Ballinagleragh,,,
52219159,-7.7044440,54.1947220,Swanlinbar,,,
52219174,-7.0430560,52.8475000,Coornariska,,,
52219179,-7.2572220,52.8425000,Skehana,,,
52219183,-9.5529889,53.2885187,Casla,,,
52219187,-7.1776943,53.9018879,New Inn,,,
52219190,-10.1816618,52.2602761,Teer,,,
52219194,-8.0792015,51.8808820,Meelshane,,,
52219196,-6.2590302,52.9459481,Ballinderry Lower,,,
52219202,-9.0240303,52.2521210,Tobernaclougha Cross Roads,,,
52219204,-7.0536631,52.9894741,Castlemitchell South,,,
52219206,-9.9805560,51.8388890,Gortdromagh,,,
52219218,-9.3015490,52.3847629,Abbeyfeale,,,
52219229,-7.3822227,55.0408308,Bridgend,,,
52219231,-9.0261110,53.9894440,Silver Ford,,,
52219235,-6.6583330,53.5286110,Kiltale,,,
52219240,-9.7997220,54.2816670,Ross Port,,,
52219243,-9.1716670,53.9455560,Muckanagh,,,
52219249,-7.8969440,51.9591670,Ballymacask,,,
52219252,-8.1350000,54.5758330,Connor Bridge,,,
52219254,-7.8355311,53.1526003,Fivealley,,,
52219256,-7.2322220,53.0211110,Dysart,,,
52219260,-9.1977671,51.7374863,Dromdrasdil,,,
52219263,-8.5955782,51.6666770,Ballinspittle,,,
52219270,-7.6880840,52.9812323,Tubbrid,,,
52219278,-6.6520502,52.6551145,Bunclody,,,
52219282,-6.2391670,53.6819440,Laytown,,,
52219285,-8.4763890,53.1038890,Drumkeary,,,
52219287,-9.1476629,52.4942655,Carrigkerry,,,
52219291,-9.8753652,52.5673986,Kilbaha,,,
52219295,-9.1791670,53.3202780,Killagoola,,,
52219298,-6.3153699,53.6946963,Kiltrough,,,
52219303,-9.1825299,51.8505583,Tir na Spideoga,,,
52219305,-7.0272220,52.9569440,Killyganard,,,
52219309,-8.4247220,52.0438890,Glenville,,,
52219313,-10.0434421,52.3069596,Fahamore,,,
52219316,-8.7230560,53.9461110,Fauleens,,,
52219325,-9.3138150,51.9824156,Poulgorm Bridge,,,
52219330,-9.8463822,52.0713938,Lake Field,,,
52219335,-9.6944440,52.0944440,Gweestin Bridge,,,
52219348,-10.0702780,54.1002780,Blacksod,,,
52219350,-9.3833330,52.1166670,Anablaha,,,
52219352,-8.5500000,52.1333330,Pierpoint,,,
52219354,-6.4815495,52.5447985,Tinnacross Cross Roads,,,
52219358,-7.7872220,54.8283330,Lettermakenny,,,
52219361,-8.4208746,54.9799770,Ailt an Chorráin,,,
52219371,-7.5644440,55.1430560,Lehardan,,,
52219376,-9.2000000,52.3666670,Glengort,,,
52219378,-9.7797220,51.9000000,Gearha,,,
52219383,-7.7609347,54.8599659,Drumnacross,,,
52219385,-7.7819496,54.7990639,Ballybofey,,,
52219390,-8.8744440,51.7844440,Cross Sheelavarra,,,
52219392,-6.4194428,53.3928586,Hartstown,,,
52219397,-8.7675000,52.7286110,Oil Mill Bridge,,,
52219400,-7.0138890,54.2963890,Tedavnet,,,
52219405,-8.0944440,54.0894440,Greagh,,,
52219408,-8.0020504,53.6192838,Formoyle,,,
52219411,-6.6108417,52.3211683,Coolstuff Cross Roads,,,
52219415,-8.1161177,53.2666826,Kylemore Bridge,,,
52219417,-8.6716670,52.5983330,Dooneen Bridge,,,
52219423,-7.8003268,54.0526883,Ballinamore,,,
52219427,-7.9283330,52.5561110,Kilbreedy,,,
52219431,-6.8409581,53.2508535,Kilmeague,,,
52219436,-6.7691864,53.0623053,Kilgowan,,,
52219440,-7.2172220,54.1113890,Rockfield,,,
52219445,-8.6286110,51.9983330,Ballyvaloore,,,
52219448,-6.3700245,52.5767827,Mounthoward Cross Roads,,,
52219450,-7.7423581,54.8646542,Aughagault Big,,,
52219455,-7.7354381,54.9517933,Letterkenny,,,
52219458,-7.8896212,53.5673188,Drumnee Upper,,,
52219471,-9.2535640,52.5337777,Tooraree,,,
52219475,-9.4750396,52.5459637,Ballylongford,,,
52219478,-9.4563890,54.1380560,Formoyle,,,
52219485,-7.1419930,53.1144169,Glenmalir,,,
52219497,-6.7545736,52.9766063,Moneymore,,,
52219502,-6.9707125,53.9168576,Bailieborough,,,
52219507,-8.5683707,51.6452409,Garrylucas,,,
52219510,-9.1080560,51.8466670,Bohane’s Cross Roads,,,
52219514,-8.2125000,54.7200000,Tullynaglack,,,
52219517,-9.5372220,52.0666670,Mill Bridge,,,
52219519,-7.6236110,55.1847220,Carran,,,
52219523,-8.6008330,54.6244440,Tawny,,,
52219527,-8.7202291,53.4792435,Barnaderg,,,
52219536,-8.7125000,54.0202780,Largan,,,
52219539,-8.1938285,53.9992951,Knockvicar Bridge,,,
52219541,-7.4047039,55.0582329,Burnfoot,,,
52219546,-7.2441662,53.4420544,Milltownpass,,,
52219551,-8.2786110,54.0722220,Highwood,,,
52219554,-9.3016670,52.7022220,Goulbourne Bridge,,,
52219558,-6.5246591,52.6265070,Ballyandrew Cross Roads,,,
52219568,-6.7251425,52.5748563,Doran’s Cross Roads,,,
52219579,-9.6079627,52.4093516,Kilbinane Hill,,,
52219581,-7.8330560,54.0208330,Fenagh,,,
52219582,-7.6752647,54.8054786,Mullingar Upper,,,
52219587,-7.2569440,52.1697220,Dunhill,,,
52219590,-7.7666670,55.1833330,Rawros,,,
52219598,-7.5368697,52.4039616,Kilcash,,,
52219602,-7.6779118,52.8599041,Errill,,,
52219605,-8.3272220,52.5225000,Palatine Street,,,
52219607,-7.6286110,55.0591670,Ardnaree,,,
52219621,-7.0197573,53.6103969,Copperalley,,,
52219638,-9.0808890,51.7000486,Kilronane,,,
52219643,-8.6704936,52.2331700,Buttevant,,,
52219646,-10.4619440,52.1383330,Carhoo,,,
52219651,-6.1362424,52.9391714,Carrigmore,,,
52219654,-9.4516670,52.9427780,Ballymacanaun,,,
52219658,-9.9791670,52.2058330,Glanlough,,,
52219664,-9.5150000,54.0502780,Doodaun,,,
52219667,-6.7586110,53.3961110,Newtown,,,
52219670,-8.6925000,53.9502780,Carracastle,,,
52219674,-9.2400000,51.8583330,Inchinossig Bridge,,,
52219680,-8.8572220,51.9322220,Bealnamorive,,,
52219688,-6.6479639,52.4865329,The Leap,,,
52219693,-6.8546340,53.9496813,Lisagoan,,,
52219696,-7.0322238,54.3470899,Dundian Cross Roads,,,
52219705,-7.3450001,52.9313891,Raheenabrogue,,,
52219706,-7.3116670,55.3575000,Ballygorman,,,
52219708,-8.0489460,51.8718546,Loughane,,,
52219711,-7.9216222,53.8578828,Dromod,,,
52219718,-7.4036302,52.7073001,Sart Cross Roads,,,
52219726,-9.5613239,51.8091041,Releagh Bridge,,,
52219729,-8.6950718,51.9997557,Pluckanes,,,
52219734,-8.2522220,54.2963890,Killenna,,,
52219741,-8.2463557,53.5776772,Clooneen,,,
52219743,-7.1625368,53.7692495,Oldcastle,,,
52219748,-9.0605560,52.0444440,Dromascoolane Bridge,,,
52219757,-8.1388890,54.5377780,Laheen,,,
52219761,-7.7094440,54.7386110,Meenawogary,,,
52219766,-6.4902059,52.9022280,Kilcarney Cross Roads,,,
52219770,-8.0027265,51.8600728,Garryvoe,,,
52219774,-10.1641609,52.2505508,Cappagh,,,
52219779,-9.6544440,52.6597220,Kilfearagh,,,
52219781,-9.0988890,52.1452780,Loumanagh,,,
52219782,-8.6322220,52.8047220,Broadford,,,
52219787,-6.5785299,52.3837871,Killurin,,,
52219799,-8.4575000,52.7375000,Annaboty,,,
52219801,-8.5350890,52.2507941,Skahanagh More,,,
52219804,-7.4236779,54.0610031,Bakers Bridge,,,
52219808,-8.3326794,53.0721263,Powers Cross,,,
52219816,-8.8579288,51.6546144,Lisselan,,,
52219822,-8.8167663,53.0652704,Gort,,,
52219826,-9.4500000,52.0722220,Teernaboul,,,
52219835,-6.8974184,53.4176788,Kilmore,,,
52219840,-6.8036685,53.0196096,Crookstown,,,
52219843,-8.2441704,53.1257307,Green Door Crossroads,,,
52219846,-6.3869351,52.5197096,Raheenduff Cross Roads,,,
52219848,-9.4538890,51.8850000,Slaheny,,,
52219851,-7.5082962,53.2654684,Red Gate,,,
52219854,-6.6483943,52.6954440,Clonegall,,,
52219858,-8.3000000,53.9000000,Ballinameen,,,
52219862,-6.7437671,52.7151298,Milltown Cross Roads,,,
52219866,-7.0195019,52.8923041,Arles,,,
52219871,-6.1962897,53.1226202,White Hall,,,
52219878,-10.3556002,51.8544424,Ballynahow,,,
52219883,-8.5647220,52.8022220,Kilbane,,,
52219894,-7.3026875,52.6022136,Grange,,,
52219902,-6.2614350,53.8395966,Port,,,
52219904,-7.4719933,53.4182187,Killinlahan,,,
52219907,-9.7780560,53.3961110,Gowla,,,
52219909,-8.2733330,52.0975000,Farran,,,
52219917,-6.1933431,53.9983127,The Bush,,,
52219922,-7.2486243,54.1223717,Scotshouse,,,
52219926,-9.6774318,52.4804150,Moneycashen,,,
52219929,-8.8597220,53.2400000,Cloghalarhard,,,
52219935,-7.5249798,53.4088113,Tullaghanmore,,,
52219944,-7.0000246,54.0885353,Lisnalong,,,
52219949,-6.9543120,53.0643963,Rathconnellwood,,,
52219953,-7.5472635,53.2154900,Killurin,,,
52219956,-7.3379011,53.2660341,Ballinagar,,,
52219961,-8.6452780,52.9647220,Caher,,,
52219964,-10.3936110,52.1625000,Ballineanig,,,
52219973,-7.0058330,52.8200000,Rossmore,,,
52219982,-8.8177072,52.0930333,Buggaeen Cross Roads,,,
52219985,-8.9430560,52.3905560,Broken Bridge,,,
52219996,-8.8666670,52.1000000,Tincoora,,,
52220001,-8.6283330,52.1316670,Avondhu,,,
52220006,-6.6256567,52.9294080,Talbotstown Upper,,,
52220010,-8.8059911,53.1567500,Ardrahan,,,
52220015,-7.3482153,52.9144763,Abbeyleix,,,
52220019,-7.2516823,52.4516236,Hugginstown,,,
52220024,-9.3941670,54.0347220,Derryhulagh,,,
52220027,-7.7455560,54.7338890,Meenagolan,,,
52220036,-7.6311110,54.8230560,Holmes’s Town,,,
52220041,-7.1497145,55.2505527,Straruddan,,,
52220048,-8.7016670,52.9861110,Killanena,,,
52220054,-7.9180560,51.9272220,Gortaroo,,,
52220057,-8.3973085,52.1388712,Bloomfield Cross Roads,,,
52220062,-6.9915971,53.2773964,Shanavoola,,,
52220071,-9.5885630,52.7179752,Bealaha,,,
52220076,-7.8321522,54.5494414,Pettigo,,,
52220084,-7.6833330,55.1833330,Rosnakill,,,
52220087,-7.8351806,54.1941569,Bursan,,,
52220090,-7.8166670,55.1000000,Glenieraragh,,,
52220104,-8.2401261,52.0948833,Spurree Cross Roads,,,
52220111,-9.3250744,52.0561053,Kilquane,,,
52220113,-8.5786917,53.6779163,Williamstown,,,
52220115,-6.1472220,53.5633330,Balcunnin,,,
52220122,-8.4422220,52.2408330,Farahy,,,
52220124,-6.5067231,53.3174331,Riversdale,,,
52220127,-9.2269440,52.4950000,Tooreendonnell,,,
52220132,-7.6575000,54.7908330,Ballyarrell Lower,,,
52220136,-7.7000000,53.4333330,Moyvoughly,,,
52220160,-7.3051573,52.9480957,Ballyroan,,,
52220164,-7.3390764,53.0424987,Pallas,,,
52220173,-7.2386110,54.0350000,Drung,,,
52220204,-7.6430560,53.2352780,Ballyfarrell,,,
52220208,-9.9993331,53.3878167,Malivey,,,
52220211,-7.3886110,55.0302780,Bunnamayne,,,
52220215,-7.6937240,52.7852475,Killenoher,,,
52220220,-6.3827710,53.6718608,Caulstown,,,
52220222,-6.8950000,54.3186110,Glaslough,,,
52220229,-7.0458330,53.2897220,Cushaling,,,
52220231,-8.0825998,53.2074341,Ballynakill,,,
52220233,-7.6416241,54.9406288,Pluck,,,
52220239,-6.0927326,52.9057188,Ballyvaltron,,,
52220242,-9.7186110,52.0450000,Kill,,,
52220248,-8.5933329,54.2719440,Strandhill,,,
52220251,-7.8781433,53.1102819,Ballywilliam,,,
52220254,-7.6725000,54.7797220,Drumfergus,,,
52220256,-8.6138890,54.6650000,Bogagh,,,
52220259,-8.8588923,51.8798157,Larchill Cross Roads,,,
52220262,-8.0827705,53.8826748,Hill Street,,,
52220265,-8.8555560,52.2922220,Ballinla,,,
52220274,-6.3184078,54.0405128,Ballymakellelt,,,
52220278,-7.5687785,52.8558274,Coneyburrow Bridge,,,
52220291,-7.1631116,53.2930332,Esker Bridge,,,
52220294,-8.1550000,54.5713890,Dromore,,,
52220297,-9.1280618,52.9377794,Willbrook,,,
52220304,-8.9366670,51.9650000,Carrigthomas,,,
52220308,-7.7617266,53.5617282,Ballymahon,,,
52220310,-9.6219440,54.2077780,Barroosky,,,
52220315,-7.9508330,53.3008330,Derryharney,,,
52220318,-6.5477580,53.9195878,Tallanstown,,,
52220325,-9.2286139,53.1393992,Aghaglinny North,,,
52220338,-6.6944791,52.8807968,Rathvilly,,,
52220341,-9.7011826,52.1685671,Castlemaine,,,
52220349,-6.2543213,53.7673715,Tobertoby,,,
52220352,-6.2829351,53.8440456,Ferrard Cross,,,
52220356,-8.9500000,53.7500000,Barnycarroll,,,
52220359,-6.8829997,53.9620794,Kilcrossduff,,,
52220362,-10.1715557,51.6039087,Ballynacallagh,,,
52220365,-6.8239835,53.3035397,Coolearagh,,,
52220369,-7.0176325,53.0186712,Bert Bridge,,,
52220377,-7.6093199,54.0148427,Killegar,,,
52220379,-9.1707987,51.7652538,Togher Bridge,,,
52220383,-6.5832293,52.3729473,Glynn,,,
52220388,-6.9080560,54.3694440,Burns Bridge,,,
52220392,-9.1798204,53.8367877,Manulla,,,
52220395,-8.7744440,53.0652780,Kilbeacanty,,,
52220398,-6.2713262,52.8239016,Ballykillageer Lower,,,
52220402,-8.6355274,53.2751137,Kiltullagh,,,
52220406,-7.5434065,54.0231599,Croaghan,,,
52220410,-6.6126437,53.0222676,Donard,,,
52220412,-9.1658330,52.0491670,Toorboney,,,
52220415,-9.7878908,54.3306592,Portacloy,,,
52220418,-7.7860892,53.9465114,Cloone,,,
52220422,-9.4208264,52.7008367,Cooraclare,,,
52220433,-8.7252780,52.1744440,Dromdowney,,,
52220435,-6.9577492,52.3095817,Burntschool Cross Roads,,,
52220438,-9.1294440,54.1627780,Castleconor,,,
52220440,-7.0202889,53.7140612,Crossakeel,,,
52220442,-6.8755560,54.2633330,Killyneill Cross Roads,,,
52220443,-7.6859318,53.6325035,Carrickboy,,,
52220449,-8.7097220,51.8855560,Ballineadig,,,
52220455,-9.1384953,51.8554613,Derryvane,,,
52220456,-8.0963890,52.6880560,Inch,,,
52220457,-9.7667165,51.5632786,Ballyroon,,,
52220458,-7.0371936,54.3996670,Cavan,,,
52220459,-9.6666670,52.1166670,Listry Bridge,,,
52220461,-8.9721099,51.5959175,Kilruane Bridge,,,
52220471,-6.7808600,53.9411966,Magheracloone,,,
52220475,-7.3833330,53.5166670,Rathcolman,,,
52220478,-9.5297119,52.7309073,Doonbeg,,,
52220481,-8.9613890,54.0116670,Creggaun,,,
52220484,-8.9825811,51.6595260,Gearagh,,,
52220487,-9.0330560,53.9716670,Callow,,,
52220493,-6.4641985,54.0697707,Dungooly Cross Roads,,,
52220496,-8.5188768,52.1926653,Skenakilla Cross Roads,,,
52220502,-7.3319440,55.1483330,Illies,,,
52220508,-8.8920935,52.1131938,Shronebeha,,,
52220511,-7.2747220,52.7225000,Tower Bridge,,,
52220516,-9.4046456,52.1807312,Scartaglin,,,
52220519,-7.9091785,54.0263709,Castlefore,,,
52220531,-6.6300663,52.7771786,Killinure Bridge,,,
52220534,-7.7229107,54.1296809,Moneynure,,,
52220536,-6.2348889,52.6108771,Pollshone Cross Roads,,,
52220539,-7.7283330,54.0177780,Drumlea,,,
52220540,-7.1802780,53.1780560,Derryvilla,,,
52220541,-6.6402920,53.0654606,Crehelp,,,
52220544,-8.5788648,53.9013669,Ballaghaderreen,,,
52220548,-8.0636110,53.9908330,Leitrim,,,
52220551,-10.1772220,52.1505560,Gowlin,,,
52220554,-7.5238890,53.0050000,Clonincurragh,,,
52220559,-7.4616670,55.0547220,Baylet,,,
52220564,-7.7958330,54.0280560,Aghoo,,,
52220570,-7.3375000,55.3691670,Slievebane,,,
52220574,-8.5833330,52.1666670,Clashnabrock,,,
52220576,-8.2544440,51.8622220,Ballymore,,,
52220588,-7.7166670,53.8666670,Ballinamuck,,,
52220590,-8.0643036,54.2046275,Shass,,,
52220605,-7.2943892,53.0863568,Larkin’s Cross Roads,,,
52220608,-6.3797783,53.2685033,Marlfield,,,
52220609,-7.3415454,53.5263035,Mullingar,,,
52220615,-7.2344440,52.8486110,Moyhora,,,
52220619,-8.2275000,54.3111110,Shanvaus,,,
52220623,-6.2622712,53.6285486,Stamullen,,,
52220627,-7.1659550,53.4206576,Baltinoran,,,
52220632,-6.7911706,53.4160996,Cloncurry,,,
52220635,-6.7913741,52.3764639,Ballynagrallagh,,,
52220643,-6.2835770,52.8583340,Black Bridge,,,
52220661,-8.9505560,51.7961110,Moneynacroha Cross Roads,,,
52220665,-6.6374363,53.1250019,Ardinode East,,,
52220672,-8.9946250,51.6524344,Argideen Bridge,,,
52220675,-6.9335442,52.2211436,Duncannon,,,
52220678,-9.4163890,51.4700000,Kilmoon,,,
52220682,-6.8770075,52.1773966,Graigue Little,,,
52220684,-7.6757074,54.1212699,Bawnboy,,,
52220685,-9.8711598,53.3511310,Moyrus,,,
52220686,-7.2994440,55.3327780,Umgall,,,
52220688,-9.1333404,53.1166635,Clareville,,,
52220692,-8.5474944,52.4755288,Bruff,,,
52220697,-6.2832703,53.3098292,Terenure,,,
52220702,-7.6241670,54.8013890,Carrickcolman,,,
52220707,-8.4372220,54.5855560,Killurtan,,,
52220712,-9.4148971,52.8004132,Mullagh,,,
52220717,-9.1341670,52.0413890,Kippagh,,,
52220720,-9.5864306,53.2554521,An Caorán Mór,,,
52220723,-7.3144440,55.3450000,Keenagh,,,
52220730,-9.8591670,54.2080560,Pollagarraun,,,
52220737,-8.0177780,54.0122220,Lisconor,,,
52220738,-8.3513890,53.4016670,Lisnascreena,,,
52220739,-9.3516670,52.9858330,Carrowauff,,,
52220741,-8.5536110,54.1894440,Glen,,,
52220742,-7.5302780,55.1941670,Muineagh,,,
52220743,-8.4766670,54.3183330,Rathcormack,,,
52220746,-9.1269796,51.8420889,Inchigeelagh,,,
52220749,-9.2115154,52.3578009,Dromresna Bridge,,,
52220753,-6.7478040,52.9607355,Tinoranhill Cross Roads,,,
52220759,-6.5025000,53.4038890,Milestown,,,
52220764,-7.8602780,54.0241670,Foxfield,,,
52220765,-7.0436110,54.0213890,Dernakesh,,,
52220766,-7.3023473,54.0246717,Cullentragh,,,
52220771,-9.1430560,52.8119440,Balleen Bridge,,,
52220774,-10.0730560,51.8480560,Glanbeg,,,
52220778,-7.8697220,52.8236110,Killea,,,
52220781,-6.1806911,52.9340766,Cunniamstown Beg,,,
52220786,-7.2017883,52.9611523,Timahoe,,,
52220788,-6.4312312,53.9701019,Gibstown,,,
52220791,-6.2117130,53.2932235,Mount Merrion,,,
52220794,-7.0197487,53.0449153,Kilberry,,,
52220798,-7.9847634,54.7954667,Letterkilley,,,
52220806,-6.6531555,52.2295313,Duncormick,,,
52221948,-8.4097293,52.7111081,Newport,,,
52221963,-6.9304286,53.3338051,Windmill Cross,,,
52221968,-7.4382848,52.6621702,Tullaroan,,,
52221974,-9.0490439,53.0346458,Fahee,,,
52221982,-8.3013727,51.7821523,Myrtleville,,,
52221985,-9.0830560,51.8708330,Rassmore,,,
52221989,-9.9202780,52.0816670,Knockaunroe,,,
52221997,-6.5286235,52.9354218,Cranareen,,,
52221999,-6.9815756,52.9690609,Dunbrin Lower,,,
52222002,-6.6515065,52.3841744,Barmoney Cross Roads,,,
52222005,-6.3360044,53.6056524,Heathtown Cross Roads,,,
52222008,-8.9509359,51.7335368,The Hatters Cross Roads,,,
52222012,-6.7052014,52.3544942,Wattle Cross Roads,,,
52222017,-7.8390959,53.0824042,Kingsborough,,,
52222021,-8.3402780,54.2691670,Fivemilebourne,,,
52222025,-7.7200000,52.6716670,Twomileborris,,,
52222030,-7.1494394,52.8685602,Kill,,,
52222036,-10.4330560,52.1030560,Glanfahan,,,
52222040,-9.6333330,52.1166670,Kilnarovanagh,,,
52222046,-8.3434571,54.9492525,Drummeen,,,
52222051,-8.7261909,51.8745301,Farran,,,
52222057,-8.2577780,54.6630560,Bonnyglen,,,
52222062,-8.6000000,52.1333330,Ballymagooly,,,
52222066,-7.5094440,54.0283330,Snakeel,,,
52222067,-7.4953831,53.1438004,Clarahill,,,
52222080,-6.8333330,53.8833330,Woodfort,,,
52222090,-8.3837486,51.8641297,Oldcourt,,,
52222099,-6.9019459,54.1659452,Corvoy,,,
52222104,-8.5975000,52.0502780,Barrack,,,
52222116,-7.2511110,53.4211110,Drumman,,,
52222137,-9.3677780,53.9858330,Ballynagoraher,,,
52222140,-9.4604371,51.5626308,Ballydehob,,,
52222142,-9.3780560,53.8850000,Drumminagainran,,,
52222150,-6.2627713,53.9998088,Rampark,,,
52222154,-8.4475000,54.8027780,Sandfield,,,
52222158,-9.1580560,53.8683330,Balloor,,,
52222161,-7.0768613,53.0844576,Courtwood Bridge,,,
52222314,-7.5499685,54.9381234,Lismoghry,,,
52222337,-9.6802780,52.0997220,Ballymalis Bridge,,,
52222340,-8.0650000,52.0205560,Murtey’s Cross Roads,,,
52222365,-6.7148945,53.0516203,Cross Keys,,,
52222373,-7.8708330,54.8186110,Welchtown,,,
52222376,-7.7491670,54.0400000,Cuilmore,,,
52222388,-8.1600423,53.0952710,Newtown,,,
52222391,-6.5380942,52.2828939,Kate’s Cross Roads,,,
52222395,-6.7083978,52.9401946,Baltinglass,,,
52222398,-9.2519440,51.9816670,Cammeenavrick,,,
52222402,-7.3588890,55.2583330,Magheramore,,,
52222409,-9.2230560,52.3805560,Goulburn Bridge,,,
52222413,-7.4660124,52.9643772,Kilbricken,,,
52222416,-9.0333330,52.1166670,Dernagree,,,
52222417,-7.9133330,51.9211110,Ballymadog,,,
52222423,-9.4647220,52.2413890,Cloonagh Bridge,,,
52222425,-6.9290032,54.1191285,Balladian,,,
52222428,-9.3088908,52.8875009,White’s Bridge,,,
52222436,-7.0719769,53.1786751,Clogheen,,,
52222439,-8.4171245,51.9567458,Upper Glanmire Bridge,,,
52222441,-9.4500000,51.9333330,Crossmount,,,
52222444,-6.3067123,54.0216360,Jenkinstown Cross,,,
52222447,-8.4677681,51.9169406,Kilbarry,,,
52222450,-6.4941670,52.3258330,Clonard Little,,,
52222455,-9.2858330,54.0052780,Tawnagh,,,
52222457,-8.3675000,54.2716670,Ballynamona,,,
52222467,-9.2358330,52.9611110,Ballagh,,,
52222470,-8.8343323,52.2012625,Castlecor,,,
52222488,-9.2258163,53.7599917,Clogher,,,
52222495,-6.9600000,54.0930560,Aghnamullen,,,
52222502,-8.5138892,51.9259990,Killeens Cross,,,
52222504,-7.9797220,54.8783330,Arbatt,,,
52222508,-6.6436234,52.9578420,Spinans Cross Roads,,,
52222511,-9.0616608,51.5669570,Ballyvireen Bridge,,,
52222529,-6.2602638,52.9669004,Clara Bridge,,,
52222532,-9.3191670,53.8991670,Derrynadiyva,,,
52222535,-6.1775000,52.9494440,Drumdangan,,,
52222544,-6.9564381,53.7513547,Carnaross,,,
52222554,-7.0809547,53.8347779,Virginia,,,
52222556,-10.3377780,52.1452780,Caherboshina,,,
52222562,-8.4330560,52.0952780,Power’s Bridge,,,
52222565,-10.1621784,52.2673916,Bréanainn,,,
52222566,-10.1718452,51.8271274,Waterville,,,
52222569,-7.0544073,55.2677141,Ballymagaraghy,,,
52222574,-7.9537579,53.3543179,Callowbeg,,,
52222578,-7.5713899,52.1041692,Garrynageragh,,,
52222581,-7.8881852,52.9913787,Brosna,,,
52222584,-8.3359594,51.9116039,Glounthaune,,,
52222587,-7.4928384,53.2743191,Tullamore,,,
52222589,-6.1378814,54.0125477,Boharboy,,,
52222594,-10.1914481,52.1599134,Lisdargan,,,
52222599,-9.4464183,51.8976815,Coolvard Bridge,,,
52222606,-7.8944440,53.9658330,Oghill Cross Roads,,,
52222608,-9.3155560,52.1452780,Leanevglissane,,,
52222620,-9.9055560,53.4216670,Aillenacally,,,
52222623,-9.2705560,53.0955560,Ballyelly,,,
52222635,-8.0704881,52.1363591,Marston,,,
52222643,-7.0462869,54.0044703,Kilnacrew,,,
52222645,-7.9155560,55.1388890,Cashelmore,,,
52222648,-7.0791769,54.2065340,Killina,,,
52222655,-8.0089112,53.9267332,Drumsna,,,
52222660,-6.2927780,53.7091670,Colp,,,
52222664,-7.2137301,55.1139873,Three Trees,,,
52222667,-9.4036110,53.8583330,Ranaghy,,,
52222671,-8.0077581,54.8642483,Cummirk Bridge,,,
52222675,-7.3957085,52.8456582,Durrow,,,
52222677,-10.1106900,53.5564592,Cleggan,,,
52222681,-7.1576350,53.4801804,Coralstown,,,
52222689,-6.2997220,53.6850000,Smithstown,,,
52222701,-8.8613614,53.4376380,Corrofin,,,
52222711,-6.7489110,52.9068430,Bigstone,,,
52222715,-9.6952323,52.4289057,Drommartin,,,
52222720,-8.4271099,52.2461730,Kildorrery,,,
52222726,-9.4344440,52.5308330,Leanamore,,,
52222728,-7.5536800,54.0757293,Carn Cross Roads,,,
52222731,-9.5072220,54.2066670,Cluddaun,,,
52222733,-8.7980560,51.8777780,Leary’s Cross Roads,,,
52222738,-9.4494654,52.5042841,Shronowen,,,
52222741,-8.2980560,53.1841670,Oxgrove Bridge,,,
52222745,-8.2176018,51.9735796,Lisgoold,,,
52222748,-6.5632540,52.2837375,Newbridge,,,
52222752,-6.9713890,53.2972220,Derrybrennan,,,
52222757,-6.8500000,52.5333330,Gowlin Old,,,
52222760,-8.4538229,54.4302562,Cliffoney,,,
52222762,-8.7361110,52.2783330,Rath,,,
52222778,-9.0805560,52.8677780,Kilnamona,,,
52222786,-8.4354471,51.8947981,Ballintemple,,,
52222790,-8.9611110,51.9566670,Bawnmore,,,
52222795,-8.6995151,51.6335357,Courtmacsherry,,,
52222798,-6.5536981,53.0689360,Lugglass Lower,,,
52222802,-7.2261110,52.8994440,Spink,,,
52222808,-9.8450000,54.1327780,Tristia,,,
52222813,-7.6566670,54.9147220,Drumadowan Low,,,
52222816,-7.3325000,53.9516670,Lisreagh,,,
52222818,-6.1299261,53.1921454,Kilbride,,,